<?xml version="1.0" encoding="UTF-8"?>
<!--
 This is a WordPress eXtended RSS file generated by WordPress as an export of your site.
 It contains information about your site's posts, pages, comments, categories, and other content.
 You may use this file to transfer that content from one site to another.
 This file is not intended to serve as a complete backup of your site.

 To import this information into a WordPress site follow these steps:
 1. Log in to that site as an administrator.
 2. Go to Tools: Import in the WordPress admin panel.
 3. Install the "WordPress" importer from the list.
 4. Activate & Run Importer.
 5. Upload this file using the form provided on that page.
 6. You will first be asked to map the authors in this export file to users
    on the site. For each author, you may choose to map to an
    existing user on the site or to create a new user.
 7. WordPress will then import each of the posts, pages, comments, categories, etc.
    contained in this file into your site.
-->
<!-- generator="WordPress.com" created="2025-02-14 14:48"-->
<rss version="2.0" xmlns:excerpt="http://wordpress.org/export/1.2/excerpt/" xmlns:content="http://purl.org/rss/1.0/modules/content/" xmlns:wfw="http://wellformedweb.org/CommentAPI/" xmlns:dc="http://purl.org/dc/elements/1.1/" xmlns:wp="http://wordpress.org/export/1.2/">
  <channel>
<title>Paul Remache</title>
<link>https://paulremachepozo.wordpress.com</link>
<description>Especialista en Marketing Digital</description>
<pubDate>Fri, 14 Feb 2025 14:48:32 +0000</pubDate>
<language>es</language>
<wp:wxr_version>1.2</wp:wxr_version>
<wp:base_site_url>http://wordpress.com/</wp:base_site_url>
<wp:base_blog_url>https://paulremachepozo.wordpress.com</wp:base_blog_url>
<wp:author>
  <wp:author_id>261311673</wp:author_id>
  <wp:author_login>paulremache102</wp:author_login>
  <wp:author_email>paulremache102@gmail.com</wp:author_email>
  <wp:author_display_name><![CDATA[Paul Remache]]></wp:author_display_name>
  <wp:author_first_name><![CDATA[Paul]]></wp:author_first_name>
  <wp:author_last_name><![CDATA[Remache]]></wp:author_last_name>
</wp:author>
<wp:category>
  <wp:term_id>1</wp:term_id>
  <wp:category_nicename>uncategorized</wp:category_nicename>
  <wp:category_parent/>
  <wp:cat_name><![CDATA[Uncategorized]]></wp:cat_name>
</wp:category>
<generator>http://wordpress.com/</generator>

<image>
	<url>https://paulremachepozo.wordpress.com/wp-content/uploads/2025/01/cropped-img_20250127_112827.jpg?w=32</url>
	<title>Paul Remache</title>
	<link>https://paulremachepozo.wordpress.com</link>
	<width>32</width>
	<height>32</height>
</image> 
<item>
  <title><![CDATA[About]]></title>
  <link>https://paulremachepozo.wordpress.com/about/</link>
  <pubDate>Mon, 27 Jan 2025 15:58:14 +0000</pubDate>
  <dc:creator>paulremache102</dc:creator>
  <guid isPermaLink="false">http://paulremachepozo.wordpress.com/?page_id=1</guid>
  <description/>
  <content:encoded><![CDATA[<!-- wp:paragraph -->
<p>This is an example of a page. Unlike posts, which are displayed on your blog’s front page in the order they’re published, pages are better suited for more timeless content that you want to be easily accessible, like your About or Contact information. Click the Edit link to make changes to this page or <a title="Direct link to Add New Page in your Dashboard" href="https://wordpress.com/page/241125412/new/">add another page</a>.</p>
<!-- /wp:paragraph -->]]></content:encoded>
  <excerpt:encoded><![CDATA[]]></excerpt:encoded>
  <wp:post_id>1</wp:post_id>
  <wp:post_date>2025-01-27 15:58:14</wp:post_date>
  <wp:post_date_gmt>2025-01-27 15:58:14</wp:post_date_gmt>
  <wp:post_modified>2025-01-27 15:58:14</wp:post_modified>
  <wp:post_modified_gmt>2025-01-27 15:58:14</wp:post_modified_gmt>
  <wp:comment_status>closed</wp:comment_status>
  <wp:ping_status>open</wp:ping_status>
  <wp:post_name>about</wp:post_name>
  <wp:status>publish</wp:status>
  <wp:post_parent>0</wp:post_parent>
  <wp:menu_order>0</wp:menu_order>
  <wp:post_type>page</wp:post_type>
  <wp:post_password/>
  <wp:is_sticky>0</wp:is_sticky>
  <wp:postmeta>
    <wp:meta_key>_wp_page_template</wp:meta_key>
    <wp:meta_value><![CDATA[default]]></wp:meta_value>
  </wp:postmeta>
  <wp:postmeta>
    <wp:meta_key>_elasticsearch_data_sharing_indexed_on</wp:meta_key>
    <wp:meta_value><![CDATA[2025-01-27 15:58:21]]></wp:meta_value>
  </wp:postmeta>
</item>
<item>
  <title><![CDATA[¡Hola mundo!]]></title>
  <link>https://paulremachepozo.wordpress.com/2025/01/27/hello-world/</link>
  <pubDate>Mon, 27 Jan 2025 15:53:15 +0000</pubDate>
  <dc:creator>paulremache102</dc:creator>
  <guid isPermaLink="false">https://paulremachepozo.wordpress.com/2025/01/27/hello-world/</guid>
  <description/>
  <content:encoded><![CDATA[<!-- wp:paragraph -->
<p>Bienvenido a WordPress Esta es tu primera entrada. Empieza tu andadura en el mundo bloguero editándola o borrándola.</p>
<!-- /wp:paragraph -->]]></content:encoded>
  <excerpt:encoded><![CDATA[]]></excerpt:encoded>
  <wp:post_id>2</wp:post_id>
  <wp:post_date>2025-01-27 15:53:15</wp:post_date>
  <wp:post_date_gmt>2025-01-27 15:53:15</wp:post_date_gmt>
  <wp:post_modified>2025-01-27 15:53:15</wp:post_modified>
  <wp:post_modified_gmt>2025-01-27 15:53:15</wp:post_modified_gmt>
  <wp:comment_status>open</wp:comment_status>
  <wp:ping_status>open</wp:ping_status>
  <wp:post_name>hello-world</wp:post_name>
  <wp:status>publish</wp:status>
  <wp:post_parent>0</wp:post_parent>
  <wp:menu_order>0</wp:menu_order>
  <wp:post_type>post</wp:post_type>
  <wp:post_password/>
  <wp:is_sticky>0</wp:is_sticky>
  <category domain="category" nicename="uncategorized"><![CDATA[Uncategorized]]></category>
  <wp:postmeta>
    <wp:meta_key>_headstart_post</wp:meta_key>
    <wp:meta_value><![CDATA[_hs_extra]]></wp:meta_value>
  </wp:postmeta>
  <wp:postmeta>
    <wp:meta_key>sharing_disabled</wp:meta_key>
    <wp:meta_value><![CDATA[a:1:{i:0;N;}]]></wp:meta_value>
  </wp:postmeta>
  <wp:postmeta>
    <wp:meta_key>switch_like_status</wp:meta_key>
    <wp:meta_value><![CDATA[a:1:{i:0;N;}]]></wp:meta_value>
  </wp:postmeta>
  <wp:postmeta>
    <wp:meta_key>_starter_page_template</wp:meta_key>
    <wp:meta_value><![CDATA[]]></wp:meta_value>
  </wp:postmeta>
  <wp:postmeta>
    <wp:meta_key>_hs_old_id</wp:meta_key>
    <wp:meta_value><![CDATA[4]]></wp:meta_value>
  </wp:postmeta>
  <wp:postmeta>
    <wp:meta_key>_wpas_skip_all_services</wp:meta_key>
    <wp:meta_value><![CDATA[1]]></wp:meta_value>
  </wp:postmeta>
  <wp:postmeta>
    <wp:meta_key>_publicize_pending</wp:meta_key>
    <wp:meta_value><![CDATA[1]]></wp:meta_value>
  </wp:postmeta>
  <wp:postmeta>
    <wp:meta_key>_elasticsearch_data_sharing_indexed_on</wp:meta_key>
    <wp:meta_value><![CDATA[2025-01-27 15:58:16]]></wp:meta_value>
  </wp:postmeta>
</item>
<item>
  <title><![CDATA[Navegación]]></title>
  <link>https://paulremachepozo.wordpress.com/2025/01/27/navigation/</link>
  <pubDate>Mon, 27 Jan 2025 15:58:22 +0000</pubDate>
  <dc:creator>paulremache102</dc:creator>
  <guid isPermaLink="false">https://paulremachepozo.wordpress.com/2025/01/27/navigation/</guid>
  <description/>
  <content:encoded><![CDATA[<!-- wp:page-list /-->]]></content:encoded>
  <excerpt:encoded><![CDATA[]]></excerpt:encoded>
  <wp:post_id>3</wp:post_id>
  <wp:post_date>2025-01-27 10:58:22</wp:post_date>
  <wp:post_date_gmt>2025-01-27 15:58:22</wp:post_date_gmt>
  <wp:post_modified>2025-01-27 10:58:22</wp:post_modified>
  <wp:post_modified_gmt>2025-01-27 15:58:22</wp:post_modified_gmt>
  <wp:comment_status>closed</wp:comment_status>
  <wp:ping_status>closed</wp:ping_status>
  <wp:post_name>navigation</wp:post_name>
  <wp:status>publish</wp:status>
  <wp:post_parent>0</wp:post_parent>
  <wp:menu_order>0</wp:menu_order>
  <wp:post_type>wp_navigation</wp:post_type>
  <wp:post_password/>
  <wp:is_sticky>0</wp:is_sticky>
</item>
<item>
  <title><![CDATA[Custom Styles]]></title>
  <link>https://paulremachepozo.wordpress.com/2025/01/27/wp-global-styles-pub%2ftwentytwentyfive/</link>
  <pubDate>Mon, 27 Jan 2025 16:09:25 +0000</pubDate>
  <dc:creator>paulremache102</dc:creator>
  <guid isPermaLink="false">https://paulremachepozo.wordpress.com/2025/01/27/wp-global-styles-pub%2ftwentytwentyfive/</guid>
  <description/>
  <content:encoded><![CDATA[{"version":3,"isGlobalStylesUserThemeJSON":true}]]></content:encoded>
  <excerpt:encoded><![CDATA[]]></excerpt:encoded>
  <wp:post_id>4</wp:post_id>
  <wp:post_date>2025-01-27 11:09:25</wp:post_date>
  <wp:post_date_gmt>2025-01-27 16:09:25</wp:post_date_gmt>
  <wp:post_modified>2025-01-27 11:09:25</wp:post_modified>
  <wp:post_modified_gmt>2025-01-27 16:09:25</wp:post_modified_gmt>
  <wp:comment_status>closed</wp:comment_status>
  <wp:ping_status>closed</wp:ping_status>
  <wp:post_name>wp-global-styles-pub%2ftwentytwentyfive</wp:post_name>
  <wp:status>publish</wp:status>
  <wp:post_parent>0</wp:post_parent>
  <wp:menu_order>0</wp:menu_order>
  <wp:post_type>wp_global_styles</wp:post_type>
  <wp:post_password/>
  <wp:is_sticky>0</wp:is_sticky>
  <category domain="wp_theme" nicename="twentytwentyfive"><![CDATA[twentytwentyfive]]></category>
  <wp:postmeta>
    <wp:meta_key>_publicize_pending</wp:meta_key>
    <wp:meta_value><![CDATA[1]]></wp:meta_value>
  </wp:postmeta>
</item>
<item>
  <title><![CDATA[Custom Styles]]></title>
  <link>https://paulremachepozo.wordpress.com/2025/01/27/wp-global-styles-pub%2ffewer/</link>
  <pubDate>Mon, 27 Jan 2025 16:10:26 +0000</pubDate>
  <dc:creator>paulremache102</dc:creator>
  <guid isPermaLink="false">https://paulremachepozo.wordpress.com/2025/01/27/wp-global-styles-pub%2ffewer/</guid>
  <description/>
  <content:encoded><![CDATA[{"version":3,"isGlobalStylesUserThemeJSON":true}]]></content:encoded>
  <excerpt:encoded><![CDATA[]]></excerpt:encoded>
  <wp:post_id>5</wp:post_id>
  <wp:post_date>2025-01-27 11:10:26</wp:post_date>
  <wp:post_date_gmt>2025-01-27 16:10:26</wp:post_date_gmt>
  <wp:post_modified>2025-01-27 11:10:26</wp:post_modified>
  <wp:post_modified_gmt>2025-01-27 16:10:26</wp:post_modified_gmt>
  <wp:comment_status>closed</wp:comment_status>
  <wp:ping_status>closed</wp:ping_status>
  <wp:post_name>wp-global-styles-pub%2ffewer</wp:post_name>
  <wp:status>publish</wp:status>
  <wp:post_parent>0</wp:post_parent>
  <wp:menu_order>0</wp:menu_order>
  <wp:post_type>wp_global_styles</wp:post_type>
  <wp:post_password/>
  <wp:is_sticky>0</wp:is_sticky>
  <category domain="wp_theme" nicename="fewer"><![CDATA[fewer]]></category>
  <wp:postmeta>
    <wp:meta_key>_publicize_pending</wp:meta_key>
    <wp:meta_value><![CDATA[1]]></wp:meta_value>
  </wp:postmeta>
</item>
<item>
  <title><![CDATA[IMG_20250127_112827]]></title>
  <link>https://paulremachepozo.wordpress.com/img_20250127_112827/</link>
  <pubDate>Mon, 27 Jan 2025 16:28:56 +0000</pubDate>
  <dc:creator>paulremache102</dc:creator>
  <guid isPermaLink="false">http://paulremachepozo.files.wordpress.com/2025/01/img_20250127_112827.jpg</guid>
  <description/>
  <content:encoded><![CDATA[]]></content:encoded>
  <excerpt:encoded><![CDATA[]]></excerpt:encoded>
  <wp:post_id>6</wp:post_id>
  <wp:post_date>2025-01-27 11:28:56</wp:post_date>
  <wp:post_date_gmt>2025-01-27 16:28:56</wp:post_date_gmt>
  <wp:post_modified>2025-01-27 11:28:56</wp:post_modified>
  <wp:post_modified_gmt>2025-01-27 16:28:56</wp:post_modified_gmt>
  <wp:comment_status>open</wp:comment_status>
  <wp:ping_status>closed</wp:ping_status>
  <wp:post_name>img_20250127_112827</wp:post_name>
  <wp:status>inherit</wp:status>
  <wp:post_parent>0</wp:post_parent>
  <wp:menu_order>0</wp:menu_order>
  <wp:post_type>attachment</wp:post_type>
  <wp:post_password/>
  <wp:is_sticky>0</wp:is_sticky>
  <wp:attachment_url>https://paulremachepozo.wordpress.com/wp-content/uploads/2025/01/img_20250127_112827.jpg</wp:attachment_url>
  <wp:postmeta>
    <wp:meta_key>_wp_attached_file</wp:meta_key>
    <wp:meta_value><![CDATA[/home/wpcom/public_html/wp-content/blogs.dir/b4d/241125412/files/2025/01/img_20250127_112827.jpg]]></wp:meta_value>
  </wp:postmeta>
  <wp:postmeta>
    <wp:meta_key>_wp_attachment_metadata</wp:meta_key>
    <wp:meta_value><![CDATA[a:6:{s:5:"width";i:933;s:6:"height";i:909;s:4:"file";s:96:"/home/wpcom/public_html/wp-content/blogs.dir/b4d/241125412/files/2025/01/img_20250127_112827.jpg";s:8:"filesize";i:72377;s:5:"sizes";a:0:{}s:10:"image_meta";a:12:{s:8:"aperture";s:1:"0";s:6:"credit";s:0:"";s:6:"camera";s:0:"";s:7:"caption";s:0:"";s:17:"created_timestamp";s:1:"0";s:9:"copyright";s:0:"";s:12:"focal_length";s:1:"0";s:3:"iso";s:1:"0";s:13:"shutter_speed";s:1:"0";s:5:"title";s:0:"";s:11:"orientation";s:1:"1";s:8:"keywords";a:0:{}}}]]></wp:meta_value>
  </wp:postmeta>
</item>
<item>
  <title><![CDATA[cropped-img_20250127_112827]]></title>
  <link>https://paulremachepozo.wordpress.com/cropped-img_20250127_112827/</link>
  <pubDate>Mon, 27 Jan 2025 16:29:09 +0000</pubDate>
  <dc:creator>paulremache102</dc:creator>
  <guid isPermaLink="false">http://paulremachepozo.files.wordpress.com/2025/01/cropped-img_20250127_112827.jpg</guid>
  <description/>
  <content:encoded><![CDATA[]]></content:encoded>
  <excerpt:encoded><![CDATA[]]></excerpt:encoded>
  <wp:post_id>7</wp:post_id>
  <wp:post_date>2025-01-27 11:29:09</wp:post_date>
  <wp:post_date_gmt>2025-01-27 16:29:09</wp:post_date_gmt>
  <wp:post_modified>2025-01-27 11:29:09</wp:post_modified>
  <wp:post_modified_gmt>2025-01-27 16:29:09</wp:post_modified_gmt>
  <wp:comment_status>open</wp:comment_status>
  <wp:ping_status>closed</wp:ping_status>
  <wp:post_name>cropped-img_20250127_112827</wp:post_name>
  <wp:status>inherit</wp:status>
  <wp:post_parent>0</wp:post_parent>
  <wp:menu_order>0</wp:menu_order>
  <wp:post_type>attachment</wp:post_type>
  <wp:post_password/>
  <wp:is_sticky>0</wp:is_sticky>
  <wp:attachment_url>https://paulremachepozo.wordpress.com/wp-content/uploads/2025/01/cropped-img_20250127_112827.jpg</wp:attachment_url>
  <wp:postmeta>
    <wp:meta_key>_wp_attached_file</wp:meta_key>
    <wp:meta_value><![CDATA[/home/wpcom/public_html/wp-content/blogs.dir/b4d/241125412/files/2025/01/cropped-img_20250127_112827.jpg]]></wp:meta_value>
  </wp:postmeta>
  <wp:postmeta>
    <wp:meta_key>_wp_attachment_metadata</wp:meta_key>
    <wp:meta_value><![CDATA[a:6:{s:5:"width";i:909;s:6:"height";i:909;s:4:"file";s:104:"/home/wpcom/public_html/wp-content/blogs.dir/b4d/241125412/files/2025/01/cropped-img_20250127_112827.jpg";s:8:"filesize";i:180310;s:5:"sizes";a:0:{}s:10:"image_meta";a:12:{s:8:"aperture";s:1:"0";s:6:"credit";s:0:"";s:6:"camera";s:0:"";s:7:"caption";s:0:"";s:17:"created_timestamp";s:1:"0";s:9:"copyright";s:0:"";s:12:"focal_length";s:1:"0";s:3:"iso";s:1:"0";s:13:"shutter_speed";s:1:"0";s:5:"title";s:0:"";s:11:"orientation";s:1:"0";s:8:"keywords";a:0:{}}}]]></wp:meta_value>
  </wp:postmeta>
</item>
<item>
  <title><![CDATA[Inicio]]></title>
  <link>https://paulremachepozo.wordpress.com/</link>
  <pubDate>Mon, 27 Jan 2025 16:41:15 +0000</pubDate>
  <dc:creator>paulremache102</dc:creator>
  <guid isPermaLink="false">https://paulremachepozo.wordpress.com/?page_id=8</guid>
  <description/>
  <content:encoded><![CDATA[<!-- wp:media-text {"align":"full","mediaId":14,"mediaLink":"https://paulremachepozo.wordpress.com/attachment/1000034503/","mediaType":"image","imageFill":true} -->
<div class="wp-block-media-text alignfull is-stacked-on-mobile is-image-fill-element"><figure class="wp-block-media-text__media"><img src="https://paulremachepozo.wordpress.com/wp-content/uploads/2025/01/1000034503.jpg?w=1024" alt="" class="wp-image-14 size-full" style="object-position:50% 50%" /></figure><div class="wp-block-media-text__content"><!-- wp:cover {"overlayColor":"background","isUserOverlayColor":true,"minHeight":95,"minHeightUnit":"vh","className":"is-light"} -->
<div class="wp-block-cover is-light" style="min-height:95vh"><span aria-hidden="true" class="wp-block-cover__background has-background-background-color has-background-dim-100 has-background-dim"></span><div class="wp-block-cover__inner-container"><!-- wp:image {"id":13,"sizeSlug":"large","linkDestination":"none","align":"center","className":"is-resized is-style-rounded"} -->
<figure class="wp-block-image aligncenter size-large is-resized is-style-rounded"><img src="https://paulremachepozo.wordpress.com/wp-content/uploads/2025/01/1000034500.jpg?w=285" alt="" class="wp-image-13" /></figure>
<!-- /wp:image -->

<!-- wp:heading {"textAlign":"center","level":1,"style":{"elements":{"link":{"color":{"text":"var:preset|color|foreground"}}}},"textColor":"foreground"} -->
<h1 class="wp-block-heading has-text-align-center has-foreground-color has-text-color has-link-color">Paul Remache</h1>
<!-- /wp:heading -->

<!-- wp:paragraph {"align":"center","style":{"elements":{"link":{"color":{"text":"var:preset|color|foreground"}}}},"backgroundColor":"background","textColor":"foreground"} -->
<p class="has-text-align-center has-foreground-color has-background-background-color has-text-color has-background has-link-color">Soy una persona apta para trabajar en equipo, flexibilidad,<br>creatividad, adaptación, excelente comunicación,<br>responsabilidad, compromiso y seriedad.</p>
<!-- /wp:paragraph -->

<!-- wp:paragraph {"align":"center","backgroundColor":"background"} -->
<p class="has-text-align-center has-background-background-color has-background"></p>
<!-- /wp:paragraph -->

<!-- wp:social-links {"align":"center","className":"is-style-default"} -->
<ul class="wp-block-social-links aligncenter is-style-default"><!-- wp:social-link {"url":"https://www.linkedin.com/in/paul-remache-pozo/","service":"linkedin"} /-->

<!-- wp:social-link {"url":"https://github.com/Peyul809","service":"chain"} /--></ul>
<!-- /wp:social-links --></div></div>
<!-- /wp:cover --></div></div>
<!-- /wp:media-text -->

<!-- wp:paragraph -->
<p></p>
<!-- /wp:paragraph -->]]></content:encoded>
  <excerpt:encoded><![CDATA[]]></excerpt:encoded>
  <wp:post_id>8</wp:post_id>
  <wp:post_date>2025-01-27 11:41:15</wp:post_date>
  <wp:post_date_gmt>2025-01-27 16:41:15</wp:post_date_gmt>
  <wp:post_modified>2025-02-12 11:59:42</wp:post_modified>
  <wp:post_modified_gmt>2025-02-12 16:59:42</wp:post_modified_gmt>
  <wp:comment_status>closed</wp:comment_status>
  <wp:ping_status>closed</wp:ping_status>
  <wp:post_name>inicio</wp:post_name>
  <wp:status>publish</wp:status>
  <wp:post_parent>0</wp:post_parent>
  <wp:menu_order>0</wp:menu_order>
  <wp:post_type>page</wp:post_type>
  <wp:post_password/>
  <wp:is_sticky>0</wp:is_sticky>
  <wp:postmeta>
    <wp:meta_key>_tft_homepage_template</wp:meta_key>
    <wp:meta_value><![CDATA[pub/baker]]></wp:meta_value>
  </wp:postmeta>
  <wp:postmeta>
    <wp:meta_key>_publicize_pending</wp:meta_key>
    <wp:meta_value><![CDATA[1]]></wp:meta_value>
  </wp:postmeta>
  <wp:postmeta>
    <wp:meta_key>_elasticsearch_data_sharing_indexed_on</wp:meta_key>
    <wp:meta_value><![CDATA[2025-01-27 16:41:20]]></wp:meta_value>
  </wp:postmeta>
  <wp:postmeta>
    <wp:meta_key>_g_feedback_shortcode_d2026a55bd85761911cb5e0a039ad2831f33512c</wp:meta_key>
    <wp:meta_value><![CDATA[
				[contact-field label="Nombre" type="name"  required="true" /]
				[contact-field label="Correo electrónico" type="email" required="true" /]
				[contact-field label="Web" type="url" /]
				[contact-field label="Mensaje" type="textarea" /]]]></wp:meta_value>
  </wp:postmeta>
  <wp:postmeta>
    <wp:meta_key>_g_feedback_shortcode_atts_d2026a55bd85761911cb5e0a039ad2831f33512c</wp:meta_key>
    <wp:meta_value><![CDATA[a:17:{s:2:"to";s:24:"paulremache102@gmail.com";s:7:"subject";s:21:"[Paul Remache] Inicio";s:12:"show_subject";s:2:"no";s:6:"widget";i:0;s:14:"block_template";N;s:19:"block_template_part";N;s:2:"id";i:8;s:18:"submit_button_text";s:6:"Enviar";s:14:"customThankyou";s:0:"";s:21:"customThankyouHeading";s:24:"Se ha enviado tu mensaje";s:21:"customThankyouMessage";s:24:"¡Gracias por tu envío!";s:22:"customThankyouRedirect";s:0:"";s:10:"jetpackCRM";b:1;s:9:"className";N;s:9:"postToUrl";N;s:14:"salesforceData";N;s:12:"hiddenFields";N;}]]></wp:meta_value>
  </wp:postmeta>
  <wp:postmeta>
    <wp:meta_key>_last_editor_used_jetpack</wp:meta_key>
    <wp:meta_value><![CDATA[block-editor]]></wp:meta_value>
  </wp:postmeta>
</item>
<item>
  <title><![CDATA[Blog]]></title>
  <link>https://paulremachepozo.wordpress.com/blog/</link>
  <pubDate>Mon, 27 Jan 2025 16:41:17 +0000</pubDate>
  <dc:creator>paulremache102</dc:creator>
  <guid isPermaLink="false">https://paulremachepozo.wordpress.com/blog/</guid>
  <description/>
  <content:encoded><![CDATA[]]></content:encoded>
  <excerpt:encoded><![CDATA[]]></excerpt:encoded>
  <wp:post_id>10</wp:post_id>
  <wp:post_date>2025-01-27 11:41:17</wp:post_date>
  <wp:post_date_gmt>2025-01-27 16:41:17</wp:post_date_gmt>
  <wp:post_modified>2025-01-27 11:41:17</wp:post_modified>
  <wp:post_modified_gmt>2025-01-27 16:41:17</wp:post_modified_gmt>
  <wp:comment_status>closed</wp:comment_status>
  <wp:ping_status>closed</wp:ping_status>
  <wp:post_name>blog</wp:post_name>
  <wp:status>publish</wp:status>
  <wp:post_parent>0</wp:post_parent>
  <wp:menu_order>0</wp:menu_order>
  <wp:post_type>page</wp:post_type>
  <wp:post_password/>
  <wp:is_sticky>0</wp:is_sticky>
  <wp:postmeta>
    <wp:meta_key>_tft_posts_page</wp:meta_key>
    <wp:meta_value><![CDATA[1]]></wp:meta_value>
  </wp:postmeta>
  <wp:postmeta>
    <wp:meta_key>_publicize_pending</wp:meta_key>
    <wp:meta_value><![CDATA[1]]></wp:meta_value>
  </wp:postmeta>
  <wp:postmeta>
    <wp:meta_key>_elasticsearch_data_sharing_indexed_on</wp:meta_key>
    <wp:meta_value><![CDATA[2025-01-27 16:41:20]]></wp:meta_value>
  </wp:postmeta>
</item>
<item>
  <title><![CDATA[1000030008]]></title>
  <link>https://paulremachepozo.wordpress.com/inicio/attachment/1000030008/</link>
  <pubDate>Mon, 27 Jan 2025 16:44:17 +0000</pubDate>
  <dc:creator>paulremache102</dc:creator>
  <guid isPermaLink="false">http://paulremachepozo.files.wordpress.com/2025/01/1000030008.jpg</guid>
  <description/>
  <content:encoded><![CDATA[]]></content:encoded>
  <excerpt:encoded><![CDATA[]]></excerpt:encoded>
  <wp:post_id>11</wp:post_id>
  <wp:post_date>2025-01-27 11:44:17</wp:post_date>
  <wp:post_date_gmt>2025-01-27 16:44:17</wp:post_date_gmt>
  <wp:post_modified>2025-01-27 11:44:17</wp:post_modified>
  <wp:post_modified_gmt>2025-01-27 16:44:17</wp:post_modified_gmt>
  <wp:comment_status>open</wp:comment_status>
  <wp:ping_status>closed</wp:ping_status>
  <wp:post_name>1000030008</wp:post_name>
  <wp:status>inherit</wp:status>
  <wp:post_parent>8</wp:post_parent>
  <wp:menu_order>0</wp:menu_order>
  <wp:post_type>attachment</wp:post_type>
  <wp:post_password/>
  <wp:is_sticky>0</wp:is_sticky>
  <wp:attachment_url>https://paulremachepozo.wordpress.com/wp-content/uploads/2025/01/1000030008.jpg</wp:attachment_url>
  <wp:postmeta>
    <wp:meta_key>_wp_attached_file</wp:meta_key>
    <wp:meta_value><![CDATA[/home/wpcom/public_html/wp-content/blogs.dir/b4d/241125412/files/2025/01/1000030008.jpg]]></wp:meta_value>
  </wp:postmeta>
  <wp:postmeta>
    <wp:meta_key>_wp_attachment_metadata</wp:meta_key>
    <wp:meta_value><![CDATA[a:6:{s:5:"width";i:285;s:6:"height";i:311;s:4:"file";s:87:"/home/wpcom/public_html/wp-content/blogs.dir/b4d/241125412/files/2025/01/1000030008.jpg";s:8:"filesize";i:5512;s:5:"sizes";a:0:{}s:10:"image_meta";a:12:{s:8:"aperture";s:1:"0";s:6:"credit";s:0:"";s:6:"camera";s:0:"";s:7:"caption";s:0:"";s:17:"created_timestamp";s:1:"0";s:9:"copyright";s:0:"";s:12:"focal_length";s:1:"0";s:3:"iso";s:1:"0";s:13:"shutter_speed";s:1:"0";s:5:"title";s:0:"";s:11:"orientation";s:1:"0";s:8:"keywords";a:0:{}}}]]></wp:meta_value>
  </wp:postmeta>
</item>
<item>
  <title><![CDATA[1000034500]]></title>
  <link>https://paulremachepozo.wordpress.com/inicio/attachment/1000034500/</link>
  <pubDate>Mon, 27 Jan 2025 16:51:28 +0000</pubDate>
  <dc:creator>paulremache102</dc:creator>
  <guid isPermaLink="false">http://paulremachepozo.files.wordpress.com/2025/01/1000034500.jpg</guid>
  <description/>
  <content:encoded><![CDATA[]]></content:encoded>
  <excerpt:encoded><![CDATA[]]></excerpt:encoded>
  <wp:post_id>13</wp:post_id>
  <wp:post_date>2025-01-27 11:51:28</wp:post_date>
  <wp:post_date_gmt>2025-01-27 16:51:28</wp:post_date_gmt>
  <wp:post_modified>2025-01-27 11:51:28</wp:post_modified>
  <wp:post_modified_gmt>2025-01-27 16:51:28</wp:post_modified_gmt>
  <wp:comment_status>open</wp:comment_status>
  <wp:ping_status>closed</wp:ping_status>
  <wp:post_name>1000034500</wp:post_name>
  <wp:status>inherit</wp:status>
  <wp:post_parent>8</wp:post_parent>
  <wp:menu_order>0</wp:menu_order>
  <wp:post_type>attachment</wp:post_type>
  <wp:post_password/>
  <wp:is_sticky>0</wp:is_sticky>
  <wp:attachment_url>https://paulremachepozo.wordpress.com/wp-content/uploads/2025/01/1000034500.jpg</wp:attachment_url>
  <wp:postmeta>
    <wp:meta_key>_wp_attached_file</wp:meta_key>
    <wp:meta_value><![CDATA[/home/wpcom/public_html/wp-content/blogs.dir/b4d/241125412/files/2025/01/1000034500.jpg]]></wp:meta_value>
  </wp:postmeta>
  <wp:postmeta>
    <wp:meta_key>_wp_attachment_metadata</wp:meta_key>
    <wp:meta_value><![CDATA[a:6:{s:5:"width";i:285;s:6:"height";i:311;s:4:"file";s:87:"/home/wpcom/public_html/wp-content/blogs.dir/b4d/241125412/files/2025/01/1000034500.jpg";s:8:"filesize";i:5512;s:5:"sizes";a:0:{}s:10:"image_meta";a:12:{s:8:"aperture";s:1:"0";s:6:"credit";s:0:"";s:6:"camera";s:0:"";s:7:"caption";s:0:"";s:17:"created_timestamp";s:1:"0";s:9:"copyright";s:0:"";s:12:"focal_length";s:1:"0";s:3:"iso";s:1:"0";s:13:"shutter_speed";s:1:"0";s:5:"title";s:0:"";s:11:"orientation";s:1:"0";s:8:"keywords";a:0:{}}}]]></wp:meta_value>
  </wp:postmeta>
</item>
<item>
  <title><![CDATA[1000034503]]></title>
  <link>https://paulremachepozo.wordpress.com/inicio/attachment/1000034503/</link>
  <pubDate>Mon, 27 Jan 2025 16:54:20 +0000</pubDate>
  <dc:creator>paulremache102</dc:creator>
  <guid isPermaLink="false">http://paulremachepozo.files.wordpress.com/2025/01/1000034503.jpg</guid>
  <description/>
  <content:encoded><![CDATA[]]></content:encoded>
  <excerpt:encoded><![CDATA[]]></excerpt:encoded>
  <wp:post_id>14</wp:post_id>
  <wp:post_date>2025-01-27 11:54:20</wp:post_date>
  <wp:post_date_gmt>2025-01-27 16:54:20</wp:post_date_gmt>
  <wp:post_modified>2025-01-27 11:54:20</wp:post_modified>
  <wp:post_modified_gmt>2025-01-27 16:54:20</wp:post_modified_gmt>
  <wp:comment_status>open</wp:comment_status>
  <wp:ping_status>closed</wp:ping_status>
  <wp:post_name>1000034503</wp:post_name>
  <wp:status>inherit</wp:status>
  <wp:post_parent>8</wp:post_parent>
  <wp:menu_order>0</wp:menu_order>
  <wp:post_type>attachment</wp:post_type>
  <wp:post_password/>
  <wp:is_sticky>0</wp:is_sticky>
  <wp:attachment_url>https://paulremachepozo.wordpress.com/wp-content/uploads/2025/01/1000034503.jpg</wp:attachment_url>
  <wp:postmeta>
    <wp:meta_key>_wp_attached_file</wp:meta_key>
    <wp:meta_value><![CDATA[/home/wpcom/public_html/wp-content/blogs.dir/b4d/241125412/files/2025/01/1000034503.jpg]]></wp:meta_value>
  </wp:postmeta>
  <wp:postmeta>
    <wp:meta_key>_wp_attachment_metadata</wp:meta_key>
    <wp:meta_value><![CDATA[a:6:{s:5:"width";i:1024;s:6:"height";i:683;s:4:"file";s:87:"/home/wpcom/public_html/wp-content/blogs.dir/b4d/241125412/files/2025/01/1000034503.jpg";s:8:"filesize";i:116684;s:5:"sizes";a:0:{}s:10:"image_meta";a:12:{s:8:"aperture";s:1:"0";s:6:"credit";s:0:"";s:6:"camera";s:0:"";s:7:"caption";s:0:"";s:17:"created_timestamp";s:1:"0";s:9:"copyright";s:0:"";s:12:"focal_length";s:1:"0";s:3:"iso";s:1:"0";s:13:"shutter_speed";s:1:"0";s:5:"title";s:0:"";s:11:"orientation";s:1:"0";s:8:"keywords";a:0:{}}}]]></wp:meta_value>
  </wp:postmeta>
</item>
<item>
  <title><![CDATA[Portafolio]]></title>
  <link>https://paulremachepozo.wordpress.com/portafolio/</link>
  <pubDate>Wed, 12 Feb 2025 16:56:13 +0000</pubDate>
  <dc:creator>paulremache102</dc:creator>
  <guid isPermaLink="false">https://paulremachepozo.wordpress.com/?page_id=17</guid>
  <description/>
  <content:encoded><![CDATA[<!-- wp:group {"metadata":{"categories":["intro"],"name":"Intro","patternName":"assembler/intro-4"},"align":"full","className":"alignfull","style":{"spacing":{"margin":{"top":"0","bottom":"0"},"padding":{"top":"var:preset|spacing|40","bottom":"var:preset|spacing|40"}}},"layout":{"type":"constrained","justifyContent":"center"}} -->
<div class="wp-block-group alignfull" style="margin-top:0;margin-bottom:0;padding-top:var(--wp--preset--spacing--40);padding-bottom:var(--wp--preset--spacing--40)"><!-- wp:columns {"verticalAlignment":"center","align":"wide"} -->
<div class="wp-block-columns alignwide are-vertically-aligned-center"><!-- wp:column {"verticalAlignment":"center","layout":{"type":"constrained","contentSize":"420px","justifyContent":"left"}} -->
<div class="wp-block-column is-vertically-aligned-center"><!-- wp:heading -->
<h2 class="wp-block-heading">Sitio HTML de Marca Personal</h2>
<!-- /wp:heading -->

<!-- wp:paragraph -->
<p>Sitio web HTML creado desde 0 utilizando el editor Visual Studio Code.</p>
<!-- /wp:paragraph -->

<!-- wp:buttons -->
<div class="wp-block-buttons"><!-- wp:button -->
<div class="wp-block-button"><a class="wp-block-button__link wp-element-button" href="https://github.com/Peyul809/dejavu/tree/main/paul_remache_dejavu">Ver màs...</a></div>
<!-- /wp:button --></div>
<!-- /wp:buttons --></div>
<!-- /wp:column -->

<!-- wp:column {"verticalAlignment":"center"} -->
<div class="wp-block-column is-vertically-aligned-center"><!-- wp:image {"id":19,"aspectRatio":"1","scale":"cover","sizeSlug":"full","linkDestination":"none"} -->
<figure class="wp-block-image size-full"><img src="https://paulremachepozo.wordpress.com/wp-content/uploads/2025/02/html.jpg" alt="" class="wp-image-19" style="aspect-ratio:1;object-fit:cover" /></figure>
<!-- /wp:image --></div>
<!-- /wp:column --></div>
<!-- /wp:columns --></div>
<!-- /wp:group -->

<!-- wp:group {"metadata":{"categories":["services"],"name":"Services","patternName":"assembler/services-2"},"align":"full","className":"alignfull is-style-section-1","style":{"spacing":{"margin":{"top":"0","bottom":"0"},"blockGap":"var:preset|spacing|30","padding":{"top":"var:preset|spacing|40","bottom":"var:preset|spacing|40"}}},"layout":{"type":"constrained","justifyContent":"center"}} -->
<div class="wp-block-group alignfull is-style-section-1" style="margin-top:0;margin-bottom:0;padding-top:var(--wp--preset--spacing--40);padding-bottom:var(--wp--preset--spacing--40)"><!-- wp:columns {"align":"wide","style":{"spacing":{"blockGap":{"top":"var:preset|spacing|60","left":"var:preset|spacing|20"}}}} -->
<div class="wp-block-columns alignwide"><!-- wp:column {"style":{"spacing":{"blockGap":"0"}}} -->
<div class="wp-block-column"><!-- wp:group {"style":{"spacing":{"blockGap":"var:preset|spacing|30"}},"layout":{"type":"flex","orientation":"vertical","flexWrap":"nowrap"}} -->
<div class="wp-block-group"><!-- wp:image {"id":20,"aspectRatio":"3/2","scale":"cover","sizeSlug":"large","linkDestination":"none","style":{"color":{"duotone":"unset"}}} -->
<figure class="wp-block-image size-large"><img src="https://paulremachepozo.wordpress.com/wp-content/uploads/2025/02/captura-blogger.jpg?w=1024" alt="" class="wp-image-20" style="aspect-ratio:3/2;object-fit:cover" /></figure>
<!-- /wp:image -->

<!-- wp:group {"style":{"spacing":{"blockGap":"8px"}},"layout":{"type":"flex","orientation":"vertical","flexWrap":"nowrap"}} -->
<div class="wp-block-group"><!-- wp:heading {"level":3} -->
<h3 class="wp-block-heading">Blog: Joystick Chronicles</h3>
<!-- /wp:heading -->

<!-- wp:paragraph {"style":{"typography":{"fontSize":"20px"}}} -->
<p style="font-size:20px">CMS: Blogger</p>
<!-- /wp:paragraph -->

<!-- wp:paragraph -->
<p>Blog creado en Blogger sobre videojuegos que te informa acerca de las nuevas tendencias, los mejores videojuegos, reseñas sobre los diferentes tipos de videojuegos que existen y los próximos juegos que saldrán.</p>
<!-- /wp:paragraph -->

<!-- wp:buttons -->
<div class="wp-block-buttons"><!-- wp:button -->
<div class="wp-block-button"><a class="wp-block-button__link wp-element-button" href="https://joystick-chronicles.blogspot.com/">Ver más...</a></div>
<!-- /wp:button --></div>
<!-- /wp:buttons --></div>
<!-- /wp:group --></div>
<!-- /wp:group --></div>
<!-- /wp:column -->

<!-- wp:column {"style":{"spacing":{"blockGap":"0"}}} -->
<div class="wp-block-column"><!-- wp:group {"style":{"spacing":{"blockGap":"var:preset|spacing|30"}},"layout":{"type":"flex","orientation":"vertical"}} -->
<div class="wp-block-group"><!-- wp:image {"id":23,"aspectRatio":"3/2","scale":"cover","sizeSlug":"large","linkDestination":"none","style":{"color":{"duotone":"unset"}}} -->
<figure class="wp-block-image size-large"><img src="https://paulremachepozo.wordpress.com/wp-content/uploads/2025/02/captura-wordpress.jpg?w=1024" alt="" class="wp-image-23" style="aspect-ratio:3/2;object-fit:cover" /></figure>
<!-- /wp:image -->

<!-- wp:group {"style":{"spacing":{"blockGap":"8px"}},"layout":{"type":"flex","orientation":"vertical","flexWrap":"nowrap"}} -->
<div class="wp-block-group"><!-- wp:heading {"level":3} -->
<h3 class="wp-block-heading">Web: Marca Personal</h3>
<!-- /wp:heading -->

<!-- wp:paragraph {"style":{"typography":{"fontSize":"20px"}}} -->
<p style="font-size:20px">CMS: Wordpress Gratuito</p>
<!-- /wp:paragraph -->

<!-- wp:paragraph -->
<p>Sitio Web desarrollado en Wordpress gratuito aprovechando todas sus ventajas donde refleja lo que es sobre mí, enlaces que dirigen hacia mi LinkedIn y mi Github.</p>
<!-- /wp:paragraph -->

<!-- wp:buttons -->
<div class="wp-block-buttons"><!-- wp:button -->
<div class="wp-block-button"><a class="wp-block-button__link wp-element-button" href="https://wordpress.com/page/paulremachepozo.wordpress.com/8">Ver más...</a></div>
<!-- /wp:button --></div>
<!-- /wp:buttons --></div>
<!-- /wp:group --></div>
<!-- /wp:group --></div>
<!-- /wp:column -->

<!-- wp:column {"style":{"spacing":{"blockGap":"0"}}} -->
<div class="wp-block-column"><!-- wp:group {"style":{"spacing":{"blockGap":"var:preset|spacing|30"}},"layout":{"type":"flex","orientation":"vertical"}} -->
<div class="wp-block-group"><!-- wp:image {"id":21,"aspectRatio":"3/2","scale":"cover","sizeSlug":"large","linkDestination":"none","style":{"color":{"duotone":"unset"}}} -->
<figure class="wp-block-image size-large"><img src="https://paulremachepozo.wordpress.com/wp-content/uploads/2025/02/captura-miro.jpg?w=1024" alt="" class="wp-image-21" style="aspect-ratio:3/2;object-fit:cover" /></figure>
<!-- /wp:image -->

<!-- wp:heading {"level":3} -->
<h3 class="wp-block-heading">Wireframe: Web Marca Personal</h3>
<!-- /wp:heading -->

<!-- wp:paragraph {"style":{"typography":{"fontSize":"20px"}}} -->
<p style="font-size:20px">Miro</p>
<!-- /wp:paragraph -->

<!-- wp:paragraph -->
<p>Sitio Web desarrollado en Miro el cual muestra imágenes en donde se puede observar la pagina completa de mi Linkedin, mi Curriculum de como seria mi Wireframe.</p>
<!-- /wp:paragraph -->

<!-- wp:buttons -->
<div class="wp-block-buttons"><!-- wp:button -->
<div class="wp-block-button"><a class="wp-block-button__link wp-element-button" href="https://miro.com/app/board/uXjVLqdsaAc=/">Ver más...</a></div>
<!-- /wp:button --></div>
<!-- /wp:buttons --></div>
<!-- /wp:group --></div>
<!-- /wp:column --></div>
<!-- /wp:columns --></div>
<!-- /wp:group -->

<!-- wp:group {"metadata":{"categories":["services"],"name":"Services","patternName":"assembler/services-2"},"align":"full","className":"alignfull is-style-section-1","style":{"spacing":{"margin":{"top":"0","bottom":"0"},"blockGap":"var:preset|spacing|30","padding":{"top":"var:preset|spacing|40","bottom":"var:preset|spacing|40"}}},"layout":{"type":"constrained","justifyContent":"center"}} -->
<div class="wp-block-group alignfull is-style-section-1" style="margin-top:0;margin-bottom:0;padding-top:var(--wp--preset--spacing--40);padding-bottom:var(--wp--preset--spacing--40)"><!-- wp:columns {"align":"wide","style":{"spacing":{"blockGap":{"top":"var:preset|spacing|60","left":"var:preset|spacing|20"}}}} -->
<div class="wp-block-columns alignwide"><!-- wp:column {"style":{"spacing":{"blockGap":"0"}}} -->
<div class="wp-block-column"><!-- wp:group {"style":{"spacing":{"blockGap":"var:preset|spacing|30"}},"layout":{"type":"flex","orientation":"vertical","flexWrap":"nowrap"}} -->
<div class="wp-block-group"><!-- wp:image {"id":30,"aspectRatio":"3/2","scale":"cover","sizeSlug":"large","linkDestination":"none","style":{"color":{"duotone":"unset"}}} -->
<figure class="wp-block-image size-large"><img src="https://paulremachepozo.wordpress.com/wp-content/uploads/2025/02/captura-home.jpg?w=1024" alt="" class="wp-image-30" style="aspect-ratio:3/2;object-fit:cover" /></figure>
<!-- /wp:image -->

<!-- wp:group {"style":{"spacing":{"blockGap":"8px"}},"layout":{"type":"flex","orientation":"vertical","flexWrap":"nowrap"}} -->
<div class="wp-block-group"><!-- wp:heading {"level":3} -->
<h3 class="wp-block-heading">Web: Nombre de la Web de local host</h3>
<!-- /wp:heading -->

<!-- wp:paragraph {"style":{"typography":{"fontSize":"20px"}}} -->
<p style="font-size:20px">CMS: Wordpress en local Host</p>
<!-- /wp:paragraph -->

<!-- wp:paragraph -->
<p>Home de tema libre creado en Wordpress con local Host .</p>
<!-- /wp:paragraph --></div>
<!-- /wp:group --></div>
<!-- /wp:group -->

<!-- wp:buttons -->
<div class="wp-block-buttons"><!-- wp:button -->
<div class="wp-block-button"><a class="wp-block-button__link wp-element-button">Ver más...</a></div>
<!-- /wp:button --></div>
<!-- /wp:buttons --></div>
<!-- /wp:column -->

<!-- wp:column {"style":{"spacing":{"blockGap":"0"}}} -->
<div class="wp-block-column"><!-- wp:group {"style":{"spacing":{"blockGap":"var:preset|spacing|30"}},"layout":{"type":"flex","orientation":"vertical"}} -->
<div class="wp-block-group"><!-- wp:image {"id":23,"aspectRatio":"3/2","scale":"cover","sizeSlug":"large","linkDestination":"none","style":{"color":{"duotone":"unset"}}} -->
<figure class="wp-block-image size-large"><img src="https://paulremachepozo.wordpress.com/wp-content/uploads/2025/02/captura-wordpress.jpg?w=1024" alt="" class="wp-image-23" style="aspect-ratio:3/2;object-fit:cover" /></figure>
<!-- /wp:image -->

<!-- wp:group {"style":{"spacing":{"blockGap":"8px"}},"layout":{"type":"flex","orientation":"vertical","flexWrap":"nowrap"}} -->
<div class="wp-block-group"><!-- wp:heading {"level":3} -->
<h3 class="wp-block-heading">Web: Marca Personal</h3>
<!-- /wp:heading -->

<!-- wp:paragraph {"style":{"typography":{"fontSize":"20px"}}} -->
<p style="font-size:20px">CMS: Wordpress Gratuito</p>
<!-- /wp:paragraph -->

<!-- wp:paragraph -->
<p>Sitio Web desarrollado en Wordpress gratuito aprovechando todas sus ventajas donde refleja lo que es sobre mí, enlaces que dirigen hacia mi LinkedIn y mi Github.</p>
<!-- /wp:paragraph -->

<!-- wp:buttons -->
<div class="wp-block-buttons"><!-- wp:button -->
<div class="wp-block-button"><a class="wp-block-button__link wp-element-button">Ver más...</a></div>
<!-- /wp:button --></div>
<!-- /wp:buttons --></div>
<!-- /wp:group --></div>
<!-- /wp:group --></div>
<!-- /wp:column -->

<!-- wp:column {"style":{"spacing":{"blockGap":"0"}}} -->
<div class="wp-block-column"><!-- wp:group {"style":{"spacing":{"blockGap":"var:preset|spacing|30"}},"layout":{"type":"flex","orientation":"vertical"}} -->
<div class="wp-block-group"><!-- wp:image {"id":27,"aspectRatio":"3/2","scale":"cover","sizeSlug":"large","linkDestination":"none","style":{"color":{"duotone":"unset"}}} -->
<figure class="wp-block-image size-large"><img src="https://paulremachepozo.wordpress.com/wp-content/uploads/2025/02/captura-github.jpg?w=1024" alt="" class="wp-image-27" style="aspect-ratio:3/2;object-fit:cover" /></figure>
<!-- /wp:image -->

<!-- wp:group {"style":{"spacing":{"blockGap":"8px"}},"layout":{"type":"flex","orientation":"vertical","flexWrap":"nowrap"}} -->
<div class="wp-block-group"><!-- wp:heading {"level":3} -->
<h3 class="wp-block-heading">GitHub Personal</h3>
<!-- /wp:heading -->

<!-- wp:paragraph {"style":{"typography":{"fontSize":"20px"}}} -->
<p style="font-size:20px">GitHub</p>
<!-- /wp:paragraph -->

<!-- wp:paragraph -->
<p>Sitio Web donde se encuentra subido una copia de seguridad del Blogger, el dejavu y mi Curriculum.</p>
<!-- /wp:paragraph -->

<!-- wp:buttons -->
<div class="wp-block-buttons"><!-- wp:button -->
<div class="wp-block-button"><a class="wp-block-button__link wp-element-button" href="https://github.com/Peyul809">Ver más...</a></div>
<!-- /wp:button --></div>
<!-- /wp:buttons --></div>
<!-- /wp:group --></div>
<!-- /wp:group --></div>
<!-- /wp:column --></div>
<!-- /wp:columns --></div>
<!-- /wp:group -->

<!-- wp:paragraph -->
<p></p>
<!-- /wp:paragraph -->]]></content:encoded>
  <excerpt:encoded><![CDATA[]]></excerpt:encoded>
  <wp:post_id>17</wp:post_id>
  <wp:post_date>2025-02-12 11:56:13</wp:post_date>
  <wp:post_date_gmt>2025-02-12 16:56:13</wp:post_date_gmt>
  <wp:post_modified>2025-02-14 08:48:54</wp:post_modified>
  <wp:post_modified_gmt>2025-02-14 13:48:54</wp:post_modified_gmt>
  <wp:comment_status>closed</wp:comment_status>
  <wp:ping_status>closed</wp:ping_status>
  <wp:post_name>portafolio</wp:post_name>
  <wp:status>publish</wp:status>
  <wp:post_parent>0</wp:post_parent>
  <wp:menu_order>0</wp:menu_order>
  <wp:post_type>page</wp:post_type>
  <wp:post_password/>
  <wp:is_sticky>0</wp:is_sticky>
  <wp:postmeta>
    <wp:meta_key>_g_feedback_shortcode_ff9c0a44b24550cee8c95a349d83ed7fbeab8c25</wp:meta_key>
    <wp:meta_value><![CDATA[
				[contact-field label="Nombre" type="name"  required="true" /]
				[contact-field label="Correo electrónico" type="email" required="true" /]
				[contact-field label="Web" type="url" /]
				[contact-field label="Mensaje" type="textarea" /]]]></wp:meta_value>
  </wp:postmeta>
  <wp:postmeta>
    <wp:meta_key>_g_feedback_shortcode_atts_ff9c0a44b24550cee8c95a349d83ed7fbeab8c25</wp:meta_key>
    <wp:meta_value><![CDATA[a:17:{s:2:"to";s:24:"paulremache102@gmail.com";s:7:"subject";s:25:"[Paul Remache] Portafolio";s:12:"show_subject";s:2:"no";s:6:"widget";i:0;s:14:"block_template";N;s:19:"block_template_part";N;s:2:"id";i:17;s:18:"submit_button_text";s:6:"Enviar";s:14:"customThankyou";s:0:"";s:21:"customThankyouHeading";s:24:"Se ha enviado tu mensaje";s:21:"customThankyouMessage";s:24:"¡Gracias por tu envío!";s:22:"customThankyouRedirect";s:0:"";s:10:"jetpackCRM";b:1;s:9:"className";N;s:9:"postToUrl";N;s:14:"salesforceData";N;s:12:"hiddenFields";N;}]]></wp:meta_value>
  </wp:postmeta>
  <wp:postmeta>
    <wp:meta_key>_last_editor_used_jetpack</wp:meta_key>
    <wp:meta_value><![CDATA[block-editor]]></wp:meta_value>
  </wp:postmeta>
  <wp:postmeta>
    <wp:meta_key>_publicize_pending</wp:meta_key>
    <wp:meta_value><![CDATA[1]]></wp:meta_value>
  </wp:postmeta>
  <wp:postmeta>
    <wp:meta_key>advanced_seo_description</wp:meta_key>
    <wp:meta_value><![CDATA[]]></wp:meta_value>
  </wp:postmeta>
  <wp:postmeta>
    <wp:meta_key>jetpack_seo_html_title</wp:meta_key>
    <wp:meta_value><![CDATA[]]></wp:meta_value>
  </wp:postmeta>
  <wp:postmeta>
    <wp:meta_key>jetpack_seo_noindex</wp:meta_key>
    <wp:meta_value><![CDATA[]]></wp:meta_value>
  </wp:postmeta>
  <wp:postmeta>
    <wp:meta_key>_jetpack_post_was_ever_published</wp:meta_key>
    <wp:meta_value><![CDATA[]]></wp:meta_value>
  </wp:postmeta>
  <wp:postmeta>
    <wp:meta_key>reader_suggested_tags</wp:meta_key>
    <wp:meta_value><![CDATA[]]></wp:meta_value>
  </wp:postmeta>
  <wp:postmeta>
    <wp:meta_key>_starter_page_template</wp:meta_key>
    <wp:meta_value><![CDATA[services-3]]></wp:meta_value>
  </wp:postmeta>
  <wp:postmeta>
    <wp:meta_key>_wpcom_template_layout_category</wp:meta_key>
    <wp:meta_value><![CDATA[a:1:{i:0;s:8:"services";}]]></wp:meta_value>
  </wp:postmeta>
  <wp:postmeta>
    <wp:meta_key>footnotes</wp:meta_key>
    <wp:meta_value><![CDATA[]]></wp:meta_value>
  </wp:postmeta>
  <wp:postmeta>
    <wp:meta_key>_elasticsearch_data_sharing_indexed_on</wp:meta_key>
    <wp:meta_value><![CDATA[2025-02-12 16:56:07]]></wp:meta_value>
  </wp:postmeta>
</item>
<item>
  <title><![CDATA[html]]></title>
  <link>https://paulremachepozo.wordpress.com/portafolio/html/</link>
  <pubDate>Wed, 12 Feb 2025 16:23:22 +0000</pubDate>
  <dc:creator>paulremache102</dc:creator>
  <guid isPermaLink="false">http://paulremachepozo.files.wordpress.com/2025/02/html.jpg</guid>
  <description/>
  <content:encoded><![CDATA[]]></content:encoded>
  <excerpt:encoded><![CDATA[]]></excerpt:encoded>
  <wp:post_id>19</wp:post_id>
  <wp:post_date>2025-02-12 11:23:22</wp:post_date>
  <wp:post_date_gmt>2025-02-12 16:23:22</wp:post_date_gmt>
  <wp:post_modified>2025-02-12 11:23:22</wp:post_modified>
  <wp:post_modified_gmt>2025-02-12 16:23:22</wp:post_modified_gmt>
  <wp:comment_status>open</wp:comment_status>
  <wp:ping_status>closed</wp:ping_status>
  <wp:post_name>html</wp:post_name>
  <wp:status>inherit</wp:status>
  <wp:post_parent>17</wp:post_parent>
  <wp:menu_order>0</wp:menu_order>
  <wp:post_type>attachment</wp:post_type>
  <wp:post_password/>
  <wp:is_sticky>0</wp:is_sticky>
  <wp:attachment_url>https://paulremachepozo.wordpress.com/wp-content/uploads/2025/02/html.jpg</wp:attachment_url>
  <wp:postmeta>
    <wp:meta_key>_wp_attached_file</wp:meta_key>
    <wp:meta_value><![CDATA[/home/wpcom/public_html/wp-content/blogs.dir/b4d/241125412/files/2025/02/html.jpg]]></wp:meta_value>
  </wp:postmeta>
  <wp:postmeta>
    <wp:meta_key>_wp_attachment_metadata</wp:meta_key>
    <wp:meta_value><![CDATA[a:6:{s:5:"width";i:275;s:6:"height";i:183;s:4:"file";s:81:"/home/wpcom/public_html/wp-content/blogs.dir/b4d/241125412/files/2025/02/html.jpg";s:8:"filesize";i:10172;s:5:"sizes";a:0:{}s:10:"image_meta";a:12:{s:8:"aperture";s:1:"0";s:6:"credit";s:0:"";s:6:"camera";s:0:"";s:7:"caption";s:0:"";s:17:"created_timestamp";s:1:"0";s:9:"copyright";s:0:"";s:12:"focal_length";s:1:"0";s:3:"iso";s:1:"0";s:13:"shutter_speed";s:1:"0";s:5:"title";s:0:"";s:11:"orientation";s:1:"0";s:8:"keywords";a:0:{}}}]]></wp:meta_value>
  </wp:postmeta>
</item>
<item>
  <title><![CDATA[Captura blogger]]></title>
  <link>https://paulremachepozo.wordpress.com/portafolio/captura-blogger/</link>
  <pubDate>Wed, 12 Feb 2025 16:27:37 +0000</pubDate>
  <dc:creator>paulremache102</dc:creator>
  <guid isPermaLink="false">http://paulremachepozo.files.wordpress.com/2025/02/captura-blogger.jpg</guid>
  <description/>
  <content:encoded><![CDATA[]]></content:encoded>
  <excerpt:encoded><![CDATA[]]></excerpt:encoded>
  <wp:post_id>20</wp:post_id>
  <wp:post_date>2025-02-12 11:27:37</wp:post_date>
  <wp:post_date_gmt>2025-02-12 16:27:37</wp:post_date_gmt>
  <wp:post_modified>2025-02-12 11:27:37</wp:post_modified>
  <wp:post_modified_gmt>2025-02-12 16:27:37</wp:post_modified_gmt>
  <wp:comment_status>open</wp:comment_status>
  <wp:ping_status>closed</wp:ping_status>
  <wp:post_name>captura-blogger</wp:post_name>
  <wp:status>inherit</wp:status>
  <wp:post_parent>17</wp:post_parent>
  <wp:menu_order>0</wp:menu_order>
  <wp:post_type>attachment</wp:post_type>
  <wp:post_password/>
  <wp:is_sticky>0</wp:is_sticky>
  <wp:attachment_url>https://paulremachepozo.wordpress.com/wp-content/uploads/2025/02/captura-blogger.jpg</wp:attachment_url>
  <wp:postmeta>
    <wp:meta_key>_wp_attached_file</wp:meta_key>
    <wp:meta_value><![CDATA[/home/wpcom/public_html/wp-content/blogs.dir/b4d/241125412/files/2025/02/captura-blogger.jpg]]></wp:meta_value>
  </wp:postmeta>
  <wp:postmeta>
    <wp:meta_key>_wp_attachment_metadata</wp:meta_key>
    <wp:meta_value><![CDATA[a:6:{s:5:"width";i:1121;s:6:"height";i:756;s:4:"file";s:92:"/home/wpcom/public_html/wp-content/blogs.dir/b4d/241125412/files/2025/02/captura-blogger.jpg";s:8:"filesize";i:71485;s:5:"sizes";a:0:{}s:10:"image_meta";a:12:{s:8:"aperture";s:1:"0";s:6:"credit";s:11:"Invitado 01";s:6:"camera";s:0:"";s:7:"caption";s:0:"";s:17:"created_timestamp";s:10:"1739359641";s:9:"copyright";s:0:"";s:12:"focal_length";s:1:"0";s:3:"iso";s:1:"0";s:13:"shutter_speed";s:1:"0";s:5:"title";s:0:"";s:11:"orientation";s:1:"0";s:8:"keywords";a:0:{}}}]]></wp:meta_value>
  </wp:postmeta>
</item>
<item>
  <title><![CDATA[Captura miro]]></title>
  <link>https://paulremachepozo.wordpress.com/portafolio/captura-miro/</link>
  <pubDate>Wed, 12 Feb 2025 16:29:54 +0000</pubDate>
  <dc:creator>paulremache102</dc:creator>
  <guid isPermaLink="false">http://paulremachepozo.files.wordpress.com/2025/02/captura-miro.jpg</guid>
  <description/>
  <content:encoded><![CDATA[]]></content:encoded>
  <excerpt:encoded><![CDATA[]]></excerpt:encoded>
  <wp:post_id>21</wp:post_id>
  <wp:post_date>2025-02-12 11:29:54</wp:post_date>
  <wp:post_date_gmt>2025-02-12 16:29:54</wp:post_date_gmt>
  <wp:post_modified>2025-02-12 11:29:54</wp:post_modified>
  <wp:post_modified_gmt>2025-02-12 16:29:54</wp:post_modified_gmt>
  <wp:comment_status>open</wp:comment_status>
  <wp:ping_status>closed</wp:ping_status>
  <wp:post_name>captura-miro</wp:post_name>
  <wp:status>inherit</wp:status>
  <wp:post_parent>17</wp:post_parent>
  <wp:menu_order>0</wp:menu_order>
  <wp:post_type>attachment</wp:post_type>
  <wp:post_password/>
  <wp:is_sticky>0</wp:is_sticky>
  <wp:attachment_url>https://paulremachepozo.wordpress.com/wp-content/uploads/2025/02/captura-miro.jpg</wp:attachment_url>
  <wp:postmeta>
    <wp:meta_key>_wp_attached_file</wp:meta_key>
    <wp:meta_value><![CDATA[/home/wpcom/public_html/wp-content/blogs.dir/b4d/241125412/files/2025/02/captura-miro.jpg]]></wp:meta_value>
  </wp:postmeta>
  <wp:postmeta>
    <wp:meta_key>_wp_attachment_metadata</wp:meta_key>
    <wp:meta_value><![CDATA[a:6:{s:5:"width";i:1235;s:6:"height";i:632;s:4:"file";s:89:"/home/wpcom/public_html/wp-content/blogs.dir/b4d/241125412/files/2025/02/captura-miro.jpg";s:8:"filesize";i:65324;s:5:"sizes";a:0:{}s:10:"image_meta";a:12:{s:8:"aperture";s:1:"0";s:6:"credit";s:11:"Invitado 01";s:6:"camera";s:0:"";s:7:"caption";s:0:"";s:17:"created_timestamp";s:10:"1739359777";s:9:"copyright";s:0:"";s:12:"focal_length";s:1:"0";s:3:"iso";s:1:"0";s:13:"shutter_speed";s:1:"0";s:5:"title";s:0:"";s:11:"orientation";s:1:"0";s:8:"keywords";a:0:{}}}]]></wp:meta_value>
  </wp:postmeta>
</item>
<item>
  <title><![CDATA[Captura Wordpress]]></title>
  <link>https://paulremachepozo.wordpress.com/portafolio/captura-wordpress/</link>
  <pubDate>Wed, 12 Feb 2025 16:32:49 +0000</pubDate>
  <dc:creator>paulremache102</dc:creator>
  <guid isPermaLink="false">http://paulremachepozo.files.wordpress.com/2025/02/captura-wordpress.jpg</guid>
  <description/>
  <content:encoded><![CDATA[]]></content:encoded>
  <excerpt:encoded><![CDATA[]]></excerpt:encoded>
  <wp:post_id>23</wp:post_id>
  <wp:post_date>2025-02-12 11:32:49</wp:post_date>
  <wp:post_date_gmt>2025-02-12 16:32:49</wp:post_date_gmt>
  <wp:post_modified>2025-02-12 11:32:49</wp:post_modified>
  <wp:post_modified_gmt>2025-02-12 16:32:49</wp:post_modified_gmt>
  <wp:comment_status>open</wp:comment_status>
  <wp:ping_status>closed</wp:ping_status>
  <wp:post_name>captura-wordpress</wp:post_name>
  <wp:status>inherit</wp:status>
  <wp:post_parent>17</wp:post_parent>
  <wp:menu_order>0</wp:menu_order>
  <wp:post_type>attachment</wp:post_type>
  <wp:post_password/>
  <wp:is_sticky>0</wp:is_sticky>
  <wp:attachment_url>https://paulremachepozo.wordpress.com/wp-content/uploads/2025/02/captura-wordpress.jpg</wp:attachment_url>
  <wp:postmeta>
    <wp:meta_key>_wp_attached_file</wp:meta_key>
    <wp:meta_value><![CDATA[/home/wpcom/public_html/wp-content/blogs.dir/b4d/241125412/files/2025/02/captura-wordpress.jpg]]></wp:meta_value>
  </wp:postmeta>
  <wp:postmeta>
    <wp:meta_key>_wp_attachment_metadata</wp:meta_key>
    <wp:meta_value><![CDATA[a:6:{s:5:"width";i:1345;s:6:"height";i:711;s:4:"file";s:94:"/home/wpcom/public_html/wp-content/blogs.dir/b4d/241125412/files/2025/02/captura-wordpress.jpg";s:8:"filesize";i:104200;s:5:"sizes";a:0:{}s:10:"image_meta";a:12:{s:8:"aperture";s:1:"0";s:6:"credit";s:11:"Invitado 01";s:6:"camera";s:0:"";s:7:"caption";s:0:"";s:17:"created_timestamp";s:10:"1739359953";s:9:"copyright";s:0:"";s:12:"focal_length";s:1:"0";s:3:"iso";s:1:"0";s:13:"shutter_speed";s:1:"0";s:5:"title";s:0:"";s:11:"orientation";s:1:"0";s:8:"keywords";a:0:{}}}]]></wp:meta_value>
  </wp:postmeta>
</item>
<item>
  <title><![CDATA[Sobre mí]]></title>
  <link>https://paulremachepozo.wordpress.com/sobre-mi/</link>
  <pubDate>Fri, 14 Feb 2025 14:04:45 +0000</pubDate>
  <dc:creator>paulremache102</dc:creator>
  <guid isPermaLink="false">https://paulremachepozo.wordpress.com/?page_id=34</guid>
  <description/>
  <content:encoded><![CDATA[<!-- wp:media-text {"mediaId":35,"mediaLink":"https://paulremachepozo.wordpress.com/?attachment_id=35","mediaType":"image"} -->
<div class="wp-block-media-text is-stacked-on-mobile"><figure class="wp-block-media-text__media"><img src="https://paulremachepozo.wordpress.com/wp-content/uploads/2025/02/paul-remache.jpeg?w=285" alt="" class="wp-image-35 size-full" /></figure><div class="wp-block-media-text__content"><!-- wp:paragraph {"placeholder":"Contenido…"} -->
<p>Soy una persona apta para trabajar en equipo, flexibilidad,<br>creatividad, adaptación, excelente comunicación,<br>responsabilidad, compromiso y seriedad.</p>
<!-- /wp:paragraph -->

<!-- wp:paragraph {"placeholder":"Contenido…"} -->
<p></p>
<!-- /wp:paragraph --></div></div>
<!-- /wp:media-text -->

<!-- wp:columns -->
<div class="wp-block-columns"><!-- wp:column -->
<div class="wp-block-column"><!-- wp:details -->
<details class="wp-block-details"><summary>Educación</summary><!-- wp:list -->
<ul class="wp-block-list"><!-- wp:list-item -->
<li>Tecnólogo en Marketing Digital y Comercio<br>Electrónico<br>Instituto Tecnológico Superior Cordillera: Abril 2024- En<br>curso</li>
<!-- /wp:list-item -->

<!-- wp:list-item -->
<li>Bachiller en ciencias<br>Colegio Particular Paulo Freire:2017-2018</li>
<!-- /wp:list-item -->

<!-- wp:list-item -->
<li>Licenciado en Negocios Internacionales<br>Pontificia Universidad Católica del Ecuador: 2018-6<br>semestres.</li>
<!-- /wp:list-item --></ul>
<!-- /wp:list -->

<!-- wp:paragraph {"placeholder":"Teclea / para añadir un bloque oculto"} -->
<p></p>
<!-- /wp:paragraph --></details>
<!-- /wp:details --></div>
<!-- /wp:column -->

<!-- wp:column -->
<div class="wp-block-column"><!-- wp:details -->
<details class="wp-block-details"><summary>Habilidades</summary><!-- wp:list -->
<ul class="wp-block-list"><!-- wp:list-item -->
<li>Responsabilidad</li>
<!-- /wp:list-item -->

<!-- wp:list-item -->
<li>Trabajo en equipo</li>
<!-- /wp:list-item -->

<!-- wp:list-item -->
<li>Eficiencia</li>
<!-- /wp:list-item -->

<!-- wp:list-item -->
<li>CANVA</li>
<!-- /wp:list-item -->

<!-- wp:list-item -->
<li>Visual Studio Code</li>
<!-- /wp:list-item -->

<!-- wp:list-item -->
<li>Adobe llustrator</li>
<!-- /wp:list-item -->

<!-- wp:list-item -->
<li>Blogger</li>
<!-- /wp:list-item --></ul>
<!-- /wp:list --></details>
<!-- /wp:details --></div>
<!-- /wp:column -->

<!-- wp:column -->
<div class="wp-block-column"><!-- wp:details -->
<details class="wp-block-details"><summary>Certificaciones</summary><!-- wp:list -->
<ul class="wp-block-list"><!-- wp:list-item -->
<li>Certificado de participación en el XXI concurso de<br>Emprendimiento 2018- Principiantes 1<br>PUCE-2018</li>
<!-- /wp:list-item -->

<!-- wp:list-item -->
<li>Certificado de suficiencia de Ingles B2<br>PUCE-2022</li>
<!-- /wp:list-item -->

<!-- wp:list-item -->
<li>Certificado de Marketing de Contenidos<br>HubSpot-2024</li>
<!-- /wp:list-item -->

<!-- wp:list-item -->
<li>Certificación de Google Analytics<br>Google Analytics Skillshop-2025</li>
<!-- /wp:list-item -->

<!-- wp:list-item -->
<li>Capacitación Electoral<br>CNE- Enero 2025</li>
<!-- /wp:list-item --></ul>
<!-- /wp:list -->

<!-- wp:paragraph {"placeholder":"Teclea / para añadir un bloque oculto"} -->
<p></p>
<!-- /wp:paragraph --></details>
<!-- /wp:details --></div>
<!-- /wp:column --></div>
<!-- /wp:columns -->

<!-- wp:table -->
<figure class="wp-block-table"><table class="has-fixed-layout"><tbody><tr><td>Idioma</td><td>Nivel</td></tr><tr><td>Inglés</td><td>Avanzado</td></tr><tr><td>Español</td><td>Natal</td></tr><tr><td>Francés</td><td>Básico</td></tr></tbody></table></figure>
<!-- /wp:table -->

<!-- wp:paragraph -->
<p></p>
<!-- /wp:paragraph -->]]></content:encoded>
  <excerpt:encoded><![CDATA[]]></excerpt:encoded>
  <wp:post_id>34</wp:post_id>
  <wp:post_date>2025-02-14 09:04:45</wp:post_date>
  <wp:post_date_gmt>2025-02-14 14:04:45</wp:post_date_gmt>
  <wp:post_modified>2025-02-14 09:04:45</wp:post_modified>
  <wp:post_modified_gmt>2025-02-14 14:04:45</wp:post_modified_gmt>
  <wp:comment_status>closed</wp:comment_status>
  <wp:ping_status>closed</wp:ping_status>
  <wp:post_name>sobre-mi</wp:post_name>
  <wp:status>publish</wp:status>
  <wp:post_parent>0</wp:post_parent>
  <wp:menu_order>0</wp:menu_order>
  <wp:post_type>page</wp:post_type>
  <wp:post_password/>
  <wp:is_sticky>0</wp:is_sticky>
  <wp:postmeta>
    <wp:meta_key>_g_feedback_shortcode_738e00bf3e6844fab1cc24c87d81d4ed1446f794</wp:meta_key>
    <wp:meta_value><![CDATA[
				[contact-field label="Nombre" type="name"  required="true" /]
				[contact-field label="Correo electrónico" type="email" required="true" /]
				[contact-field label="Web" type="url" /]
				[contact-field label="Mensaje" type="textarea" /]]]></wp:meta_value>
  </wp:postmeta>
  <wp:postmeta>
    <wp:meta_key>_g_feedback_shortcode_atts_738e00bf3e6844fab1cc24c87d81d4ed1446f794</wp:meta_key>
    <wp:meta_value><![CDATA[a:17:{s:2:"to";s:24:"paulremache102@gmail.com";s:7:"subject";s:15:"[Paul Remache] ";s:12:"show_subject";s:2:"no";s:6:"widget";i:0;s:14:"block_template";N;s:19:"block_template_part";N;s:2:"id";i:34;s:18:"submit_button_text";s:6:"Enviar";s:14:"customThankyou";s:0:"";s:21:"customThankyouHeading";s:24:"Se ha enviado tu mensaje";s:21:"customThankyouMessage";s:24:"¡Gracias por tu envío!";s:22:"customThankyouRedirect";s:0:"";s:10:"jetpackCRM";b:1;s:9:"className";N;s:9:"postToUrl";N;s:14:"salesforceData";N;s:12:"hiddenFields";N;}]]></wp:meta_value>
  </wp:postmeta>
  <wp:postmeta>
    <wp:meta_key>_last_editor_used_jetpack</wp:meta_key>
    <wp:meta_value><![CDATA[block-editor]]></wp:meta_value>
  </wp:postmeta>
  <wp:postmeta>
    <wp:meta_key>_publicize_pending</wp:meta_key>
    <wp:meta_value><![CDATA[1]]></wp:meta_value>
  </wp:postmeta>
  <wp:postmeta>
    <wp:meta_key>_elasticsearch_data_sharing_indexed_on</wp:meta_key>
    <wp:meta_value><![CDATA[2025-02-14 14:02:01]]></wp:meta_value>
  </wp:postmeta>
</item>
<item>
  <title><![CDATA[paul-remache]]></title>
  <link>https://paulremachepozo.wordpress.com/sobre-mi/paul-remache/</link>
  <pubDate>Fri, 14 Feb 2025 13:51:15 +0000</pubDate>
  <dc:creator>paulremache102</dc:creator>
  <guid isPermaLink="false">http://paulremachepozo.files.wordpress.com/2025/02/paul-remache.jpeg</guid>
  <description/>
  <content:encoded><![CDATA[]]></content:encoded>
  <excerpt:encoded><![CDATA[]]></excerpt:encoded>
  <wp:post_id>35</wp:post_id>
  <wp:post_date>2025-02-14 08:51:15</wp:post_date>
  <wp:post_date_gmt>2025-02-14 13:51:15</wp:post_date_gmt>
  <wp:post_modified>2025-02-14 08:51:15</wp:post_modified>
  <wp:post_modified_gmt>2025-02-14 13:51:15</wp:post_modified_gmt>
  <wp:comment_status>open</wp:comment_status>
  <wp:ping_status>closed</wp:ping_status>
  <wp:post_name>paul-remache</wp:post_name>
  <wp:status>inherit</wp:status>
  <wp:post_parent>34</wp:post_parent>
  <wp:menu_order>0</wp:menu_order>
  <wp:post_type>attachment</wp:post_type>
  <wp:post_password/>
  <wp:is_sticky>0</wp:is_sticky>
  <wp:attachment_url>https://paulremachepozo.wordpress.com/wp-content/uploads/2025/02/paul-remache.jpeg</wp:attachment_url>
  <wp:postmeta>
    <wp:meta_key>_wp_attached_file</wp:meta_key>
    <wp:meta_value><![CDATA[/home/wpcom/public_html/wp-content/blogs.dir/b4d/241125412/files/2025/02/paul-remache.jpeg]]></wp:meta_value>
  </wp:postmeta>
  <wp:postmeta>
    <wp:meta_key>_wp_attachment_metadata</wp:meta_key>
    <wp:meta_value><![CDATA[a:6:{s:5:"width";i:285;s:6:"height";i:311;s:4:"file";s:90:"/home/wpcom/public_html/wp-content/blogs.dir/b4d/241125412/files/2025/02/paul-remache.jpeg";s:8:"filesize";i:5512;s:5:"sizes";a:0:{}s:10:"image_meta";a:12:{s:8:"aperture";s:1:"0";s:6:"credit";s:0:"";s:6:"camera";s:0:"";s:7:"caption";s:0:"";s:17:"created_timestamp";s:1:"0";s:9:"copyright";s:0:"";s:12:"focal_length";s:1:"0";s:3:"iso";s:1:"0";s:13:"shutter_speed";s:1:"0";s:5:"title";s:0:"";s:11:"orientation";s:1:"0";s:8:"keywords";a:0:{}}}]]></wp:meta_value>
  </wp:postmeta>
</item>
<item>
  <title><![CDATA[Captura github]]></title>
  <link>https://paulremachepozo.wordpress.com/portafolio/captura-github/</link>
  <pubDate>Wed, 12 Feb 2025 16:49:24 +0000</pubDate>
  <dc:creator>paulremache102</dc:creator>
  <guid isPermaLink="false">http://paulremachepozo.files.wordpress.com/2025/02/captura-github.jpg</guid>
  <description/>
  <content:encoded><![CDATA[]]></content:encoded>
  <excerpt:encoded><![CDATA[]]></excerpt:encoded>
  <wp:post_id>27</wp:post_id>
  <wp:post_date>2025-02-12 11:49:24</wp:post_date>
  <wp:post_date_gmt>2025-02-12 16:49:24</wp:post_date_gmt>
  <wp:post_modified>2025-02-12 11:49:24</wp:post_modified>
  <wp:post_modified_gmt>2025-02-12 16:49:24</wp:post_modified_gmt>
  <wp:comment_status>open</wp:comment_status>
  <wp:ping_status>closed</wp:ping_status>
  <wp:post_name>captura-github</wp:post_name>
  <wp:status>inherit</wp:status>
  <wp:post_parent>17</wp:post_parent>
  <wp:menu_order>0</wp:menu_order>
  <wp:post_type>attachment</wp:post_type>
  <wp:post_password/>
  <wp:is_sticky>0</wp:is_sticky>
  <wp:attachment_url>https://paulremachepozo.wordpress.com/wp-content/uploads/2025/02/captura-github.jpg</wp:attachment_url>
  <wp:postmeta>
    <wp:meta_key>_wp_attached_file</wp:meta_key>
    <wp:meta_value><![CDATA[/home/wpcom/public_html/wp-content/blogs.dir/b4d/241125412/files/2025/02/captura-github.jpg]]></wp:meta_value>
  </wp:postmeta>
  <wp:postmeta>
    <wp:meta_key>_wp_attachment_metadata</wp:meta_key>
    <wp:meta_value><![CDATA[a:6:{s:5:"width";i:1415;s:6:"height";i:650;s:4:"file";s:91:"/home/wpcom/public_html/wp-content/blogs.dir/b4d/241125412/files/2025/02/captura-github.jpg";s:8:"filesize";i:66893;s:5:"sizes";a:0:{}s:10:"image_meta";a:12:{s:8:"aperture";s:1:"0";s:6:"credit";s:11:"Invitado 01";s:6:"camera";s:0:"";s:7:"caption";s:0:"";s:17:"created_timestamp";s:10:"1739360949";s:9:"copyright";s:0:"";s:12:"focal_length";s:1:"0";s:3:"iso";s:1:"0";s:13:"shutter_speed";s:1:"0";s:5:"title";s:0:"";s:11:"orientation";s:1:"0";s:8:"keywords";a:0:{}}}]]></wp:meta_value>
  </wp:postmeta>
</item>
<item>
  <title><![CDATA[captura home]]></title>
  <link>https://paulremachepozo.wordpress.com/portafolio/captura-home/</link>
  <pubDate>Fri, 14 Feb 2025 13:38:16 +0000</pubDate>
  <dc:creator>paulremache102</dc:creator>
  <guid isPermaLink="false">http://paulremachepozo.files.wordpress.com/2025/02/captura-home.jpg</guid>
  <description/>
  <content:encoded><![CDATA[]]></content:encoded>
  <excerpt:encoded><![CDATA[]]></excerpt:encoded>
  <wp:post_id>30</wp:post_id>
  <wp:post_date>2025-02-14 08:38:16</wp:post_date>
  <wp:post_date_gmt>2025-02-14 13:38:16</wp:post_date_gmt>
  <wp:post_modified>2025-02-14 08:38:16</wp:post_modified>
  <wp:post_modified_gmt>2025-02-14 13:38:16</wp:post_modified_gmt>
  <wp:comment_status>open</wp:comment_status>
  <wp:ping_status>closed</wp:ping_status>
  <wp:post_name>captura-home</wp:post_name>
  <wp:status>inherit</wp:status>
  <wp:post_parent>17</wp:post_parent>
  <wp:menu_order>0</wp:menu_order>
  <wp:post_type>attachment</wp:post_type>
  <wp:post_password/>
  <wp:is_sticky>0</wp:is_sticky>
  <wp:attachment_url>https://paulremachepozo.wordpress.com/wp-content/uploads/2025/02/captura-home.jpg</wp:attachment_url>
  <wp:postmeta>
    <wp:meta_key>_wp_attached_file</wp:meta_key>
    <wp:meta_value><![CDATA[/home/wpcom/public_html/wp-content/blogs.dir/b4d/241125412/files/2025/02/captura-home.jpg]]></wp:meta_value>
  </wp:postmeta>
  <wp:postmeta>
    <wp:meta_key>_wp_attachment_metadata</wp:meta_key>
    <wp:meta_value><![CDATA[a:6:{s:5:"width";i:1280;s:6:"height";i:831;s:4:"file";s:89:"/home/wpcom/public_html/wp-content/blogs.dir/b4d/241125412/files/2025/02/captura-home.jpg";s:8:"filesize";i:56576;s:5:"sizes";a:0:{}s:10:"image_meta";a:12:{s:8:"aperture";s:1:"0";s:6:"credit";s:0:"";s:6:"camera";s:0:"";s:7:"caption";s:0:"";s:17:"created_timestamp";s:1:"0";s:9:"copyright";s:0:"";s:12:"focal_length";s:1:"0";s:3:"iso";s:1:"0";s:13:"shutter_speed";s:1:"0";s:5:"title";s:0:"";s:11:"orientation";s:1:"0";s:8:"keywords";a:0:{}}}]]></wp:meta_value>
  </wp:postmeta>
</item>
  </channel>
</rss>
